{"cameraMode":{"drawMode":0,"name":"Shaded","section":"Shading Mode"},"sceneLighting":true,"audioPlay":false,"sceneViewState":{"m_AlwaysRefresh":false,"showFog":true,"showSkybox":true,"showFlares":true,"showImageEffects":true,"showParticleSystems":true,"showVisualEffectGraphs":true,"m_FxEnabled":true},"in2DMode":false,"pivot":{"x":7.745429515838623,"y":11.827590942382813,"z":-6.422484397888184},"rotation":{"x":-0.05481003597378731,"y":0.7079994678497315,"z":0.05749843269586563,"w":0.7020156383514404},"size":15.435108184814454,"orthographic":false}